{
    "swagger": "2.0",
    "info": {
        "contact": {}
    },
    "paths": {
        "/inventory/items": {
            "post": {
                "description": "Create a new inventory item",
                "tags": [
                    "inventory"
                ],
                "summary": "Create Item",
                "responses": {
                    "201": {
                        "description": "Created",
                        "schema": {
                            "$ref": "#/definitions/response.CreateItemResponse"
                        }
                    },
                    "400": {
                        "description": "Bad Request",
                        "schema": {
                            "type": "object",
                            "additionalProperties": true
                        }
                    }
                }
            }
        },
        "/inventory/items/{id}": {
            "get": {
                "description": "Get an inventory item by its ID",
                "tags": [
                    "inventory"
                ],
                "summary": "Get Item By ID",
                "responses": {
                    "200": {
                        "description": "OK",
                        "schema": {
                            "$ref": "#/definitions/response.GetItemByIdResponse"
                        }
                    },
                    "404": {
                        "description": "Not Found",
                        "schema": {
                            "type": "object",
                            "additionalProperties": true
                        }
                    }
                }
            },
            "put": {
                "description": "Update an inventory item by its ID",
                "tags": [
                    "inventory"
                ],
                "summary": "Update Item By ID",
                "responses": {
                    "200": {
                        "description": "OK",
                        "schema": {
                            "$ref": "#/definitions/response.UpdateItemByIdResponse"
                        }
                    },
                    "400": {
                        "description": "Bad Request",
                        "schema": {
                            "type": "object",
                            "additionalProperties": true
                        }
                    },
                    "404": {
                        "description": "Not Found",
                        "schema": {
                            "type": "object",
                            "additionalProperties": true
                        }
                    }
                }
            },
            "delete": {
                "description": "Delete an inventory item by its ID",
                "tags": [
                    "inventory"
                ],
                "summary": "Delete Item By ID",
                "responses": {
                    "200": {
                        "description": "OK",
                        "schema": {
                            "$ref": "#/definitions/response.DeleteItemByIdResponse"
                        }
                    },
                    "400": {
                        "description": "Bad Request",
                        "schema": {
                            "type": "object",
                            "additionalProperties": true
                        }
                    },
                    "404": {
                        "description": "Not Found",
                        "schema": {
                            "type": "object",
                            "additionalProperties": true
                        }
                    }
                }
            }
        },
        "/inventory/{productName}": {
            "get": {
                "description": "Get a summary of inventory items by product name",
                "tags": [
                    "inventory"
                ],
                "summary": "Get Item Summary By Name",
                "responses": {
                    "200": {
                        "description": "OK",
                        "schema": {
                            "$ref": "#/definitions/response.GetInventoryByProductResponse"
                        }
                    },
                    "404": {
                        "description": "Not Found",
                        "schema": {
                            "type": "object",
                            "additionalProperties": true
                        }
                    }
                }
            }
        }
    },
    "definitions": {
        "entities.Status": {
            "type": "string",
            "enum": [
                "BUY",
                "SELL"
            ],
            "x-enum-varnames": [
                "BUY",
                "SELL"
            ]
        },
        "response.CreateItemResponse": {
            "type": "object",
            "properties": {
                "id": {
                    "type": "integer"
                }
            }
        },
        "response.DeleteItemByIdResponse": {
            "type": "object",
            "properties": {
                "id": {
                    "type": "string"
                }
            }
        },
        "response.GetInventoryByProductResponse": {
            "type": "object",
            "properties": {
                "data": {
                    "type": "array",
                    "items": {
                        "$ref": "#/definitions/response.InventoryItemResponse"
                    }
                },
                "latestMonthProfit": {
                    "type": "number"
                },
                "productsBoughtInLatestMonth": {
                    "type": "integer"
                },
                "productsSoldInLatestMonth": {
                    "type": "integer"
                },
                "totalAmount": {
                    "type": "integer"
                }
            }
        },
        "response.GetItemByIdResponse": {
            "type": "object",
            "properties": {
                "PNL": {
                    "type": "number"
                },
                "amount": {
                    "type": "integer"
                },
                "at": {
                    "type": "string"
                },
                "id": {
                    "type": "integer"
                },
                "price": {
                    "type": "number"
                },
                "product_name": {
                    "type": "string"
                },
                "status": {
                    "$ref": "#/definitions/entities.Status"
                }
            }
        },
        "response.InventoryItemResponse": {
            "type": "object",
            "properties": {
                "PNL": {
                    "type": "number"
                },
                "amount": {
                    "type": "integer"
                },
                "at": {
                    "type": "string"
                },
                "id": {
                    "type": "integer"
                },
                "price": {
                    "type": "number"
                },
                "productName": {
                    "type": "string"
                },
                "status": {
                    "$ref": "#/definitions/entities.Status"
                }
            }
        },
        "response.UpdateItemByIdResponse": {
            "type": "object",
            "properties": {
                "id": {
                    "type": "string"
                }
            }
        }
    }
}